order_id,order_date,customer,region,product,quantity,amount,source_file,source_row
A-1001,2026-01-05,Northwind Ltd,North,Starter plan,1,49.0,2026-02-02_sales-jan-2026.csv,2
A-1002,2026-01-07,Blue Harbor Co,South,Team plan,3,447.0,2026-02-02_sales-jan-2026.csv,3
A-1003,2026-01-09,Kestrel Foods,East,Starter plan,2,98.0,2026-02-02_sales-jan-2026.csv,4
A-1004,2026-01-12,Orchid Studio,West,Pro plan,1,199.0,2026-02-02_sales-jan-2026.csv,5
A-1005,2026-01-15,Northwind Ltd,North,Add-on seats,10,150.0,2026-02-02_sales-jan-2026.csv,7
A-1006,2026-01-20,Maple & Stone,South,Team plan,2,298.0,2026-02-02_sales-jan-2026.csv,8
A-1007,2026-01-28,Kestrel Foods,East,Pro plan,1,199.0,2026-02-02_sales-jan-2026.csv,9
A-1008,2026-02-02,Café Lumière,West,Team plan,4,596.0,2026-03-03_sales-feb-2026-final.csv,2
A-1009,2026-02-05,Blue Harbor Co,South,Pro plan,10,1990.0,2026-03-03_sales-feb-2026-final.csv,3
A-1010,2026-02-11,Orchid Studio,West,Add-on seats,5,75.0,2026-03-03_sales-feb-2026-final.csv,4
A-1013,2026-02-26,Maple & Stone,South,Pro plan,1,199.0,2026-03-03_sales-feb-2026-final.csv,7
A-1014,2026-03-02,Northwind Ltd,North,Team plan,5,745.0,2026-04-01_march-export.xlsx,5
A-1015,2026-03-04,Blue Harbor Co,South,Add-on seats,20,300.0,2026-04-01_march-export.xlsx,6
A-1016,2026-03-09,Café Lumière,West,Pro plan,3,597.0,2026-04-01_march-export.xlsx,8
A-1017,2026-03-16,Orchid Studio,West,Enterprise plan,1,1250.0,2026-04-01_march-export.xlsx,9
A-1018,2026-03-23,Kestrel Foods,East,Team plan,3,447.0,2026-04-01_march-export.xlsx,12
A-1019,2026-03-30,Maple & Stone,South,Enterprise plan,1,1250.0,2026-04-01_march-export.xlsx,13
