time,mode,action,source,target,sha256
2026-09-26T20:50:06,copy,organize,C:\Users\Asani\Documents\Digital Asset\fiverr\portfolio\gig4-python\03-file-automation\sample_inbox\backup.zip,C:\Users\Asani\Documents\Digital Asset\fiverr\portfolio\gig4-python\03-file-automation\output\organized\Archives\2026-01-30_backup.zip,8739c76e681f900923b900c9df0ef75cf421d39cabb54650c4b9ad19b6a76d85
2026-09-26T20:50:06,copy,organize,C:\Users\Asani\Documents\Digital Asset\fiverr\portfolio\gig4-python\03-file-automation\sample_inbox\data dump.xyz,C:\Users\Asani\Documents\Digital Asset\fiverr\portfolio\gig4-python\03-file-automation\output\organized\Other\2026-02-14_data-dump.xyz,d316ecef6856fd649e898e9a3f6346e44971f40a71567987da99b53a604428e7
2026-09-26T20:50:06,copy,organize,C:\Users\Asani\Documents\Digital Asset\fiverr\portfolio\gig4-python\03-file-automation\sample_inbox\IMG_2041.JPG,C:\Users\Asani\Documents\Digital Asset\fiverr\portfolio\gig4-python\03-file-automation\output\organized\Images\2026-03-21_img-2041.jpg,a5b90f81783e1842d3bc15b85abf44d889d54a4520071a2bb344a8709b1b4488
2026-09-26T20:50:06,copy,organize,C:\Users\Asani\Documents\Digital Asset\fiverr\portfolio\gig4-python\03-file-automation\sample_inbox\March export.xlsx,C:\Users\Asani\Documents\Digital Asset\fiverr\portfolio\gig4-python\03-file-automation\output\organized\Spreadsheets\2026-04-01_march-export.xlsx,5149f138b68fc4a7bfda72870479a8fe7583a28b5356b08b2894bb00b344f968
2026-09-26T20:50:06,copy,organize,C:\Users\Asani\Documents\Digital Asset\fiverr\portfolio\gig4-python\03-file-automation\sample_inbox\meeting notes.txt,C:\Users\Asani\Documents\Digital Asset\fiverr\portfolio\gig4-python\03-file-automation\output\organized\Documents\2026-04-02_meeting-notes.txt,c40c3a62cee680194ff84516843b4af6fac4fa15817fb30bed9476eb74dfa329
2026-09-26T20:50:06,copy,organize,C:\Users\Asani\Documents\Digital Asset\fiverr\portfolio\gig4-python\03-file-automation\sample_inbox\Sales Jan 2026.csv,C:\Users\Asani\Documents\Digital Asset\fiverr\portfolio\gig4-python\03-file-automation\output\organized\Spreadsheets\2026-02-02_sales-jan-2026.csv,d26a36f4838ef5fbf677792720c4c939b92b732c865e2b0499bbc629a1e714d3
2026-09-26T20:50:06,copy,duplicate,C:\Users\Asani\Documents\Digital Asset\fiverr\portfolio\gig4-python\03-file-automation\sample_inbox\Copy of March export.xlsx,C:\Users\Asani\Documents\Digital Asset\fiverr\portfolio\gig4-python\03-file-automation\output\organized\Duplicates\Copy of March export.xlsx,5149f138b68fc4a7bfda72870479a8fe7583a28b5356b08b2894bb00b344f968
2026-09-26T20:50:06,copy,organize,C:\Users\Asani\Documents\Digital Asset\fiverr\portfolio\gig4-python\03-file-automation\sample_inbox\Invoice #443 (copy).pdf,C:\Users\Asani\Documents\Digital Asset\fiverr\portfolio\gig4-python\03-file-automation\output\organized\PDFs\2026-03-18_invoice-443.pdf,777db27a30e6b9ac60a7bc5e3e8e9eb0fde41877df2ea3bfcdbdc128595e464d
2026-09-26T20:50:06,copy,organize,C:\Users\Asani\Documents\Digital Asset\fiverr\portfolio\gig4-python\03-file-automation\sample_inbox\sales_feb-2026 FINAL (2).csv,C:\Users\Asani\Documents\Digital Asset\fiverr\portfolio\gig4-python\03-file-automation\output\organized\Spreadsheets\2026-03-03_sales-feb-2026-final.csv,99943277f91a5035fedf585cfba461bace33294b58b2959d73402943c995bef1
